{
    "Петров": 7166.0,
    "Сидоров": 413053.6588944146,
    "Иванов": 319164.605453938,
    "Грехова": 22889.0,
    "Победова": 13977.0,
    "Зеленков": 206512.6007083299,
    "Антохин": 42129.0,
    "Семеов": 49808.0,
    "Григоров": 958.0
}